{
  "users": [
    {
      "id": "1",
      "userid": "john_nit",
      "password": "john@nit",
      "email": "john@gmail.com"
    },
    {
      "id": "2",
      "userid": "david",
      "password": "david11",
      "email": "david@outlook.com"
    },
    {
      "id": "71e7",
      "userid": "sanjay_nit",
      "password": "sanjay11",
      "email": "sanjay@gmail.com"
    }
  ],
  "appointments": [
    {
      "id": "1",
      "title": "Samson Birthday",
      "date": "2025-03-22",
      "userid": "john_nit"
    },
    {
      "id": "2",
      "title": "",
      "date": "",
      "userid": ""
    },
    {
      "id": "3",
      "title": "Attend Meeting with Client",
      "date": "2025-03-24",
      "userid": "john_nit"
    }
  ]
}